category	brand	product
1016	ﾎｰﾌﾟ	ﾎｰﾌﾟ (10)
1018	ﾋﾟｰｽ	ﾋﾟｰｽ (20)
1020	ｾﾌﾞﾝｽﾀｰ	ｾﾌﾞﾝｽﾀｰ
1023	ﾒﾋﾞｳｽ	ﾒﾋﾞｳｽ
1027	ﾊｲﾗｲﾄ	ﾊｲﾗｲﾄ
1029	わかば	わかば
1030	ｴｺｰ	ｴｺｰ
1037	ｺﾞｰﾙﾃﾞﾝﾊﾞｯﾄ	ｺﾞｰﾙﾃﾞﾝﾊﾞｯﾄ
1138	ﾒﾋﾞｳｽ	ﾒﾋﾞｳｽ･ﾗｲﾄ
1197	ｳｨﾝｽﾄﾝ	ｳｨﾝｽﾄﾝ･ｷｬﾋﾞﾝ･ﾚｯﾄﾞ･8･ﾎﾞｯｸｽ
1200	ｳｨﾝｽﾄﾝ	ｳｨﾝｽﾄﾝ･ｷｬｽﾀｰ･ﾎﾜｲﾄ･5
1208	ﾅﾁｭﾗﾙ ｱﾒﾘｶﾝ ｽﾋﾟﾘｯﾄ	ﾅﾁｭﾗﾙ･ｱﾒﾘｶﾝ･ｽﾋﾟﾘｯﾄ･ｵｰｶﾞﾆｯｸ･ﾐﾝﾄ
1223	ﾒﾋﾞｳｽ	ﾒﾋﾞｳｽ･ｽｰﾊﾟｰﾗｲﾄ
1240	ｳｨﾝｽﾄﾝ	ｳｨﾝｽﾄﾝ･ｺﾝﾊﾟｸﾄﾒﾝｿｰﾙ･ﾊﾟｰﾌﾟﾙ･5･ﾎﾞｯｸｽ
1242	ｳｨﾝｽﾄﾝ	ｳｨﾝｽﾄﾝ･ｷｬｽﾀｰ･ﾎﾜｲﾄ･ﾜﾝ･ﾎﾞｯｸｽ
1243	ｳｨﾝｽﾄﾝ	ｳｨﾝｽﾄﾝ･ｺﾝﾊﾟｸﾄﾒﾝｿｰﾙ･ﾊﾟｰﾌﾟﾙ･ﾜﾝﾎﾞｯｸｽ
1244	ｾﾌﾞﾝｽﾀｰ	ｾﾌﾞﾝｽﾀｰ･10･ﾎﾞｯｸｽ
1245	ｳｨﾝｽﾄﾝ	ｳｨﾝｽﾄﾝ･ｷｬﾋﾞﾝ･ﾚｯﾄﾞ･5･ﾎﾞｯｸｽ
1251	ﾋﾟｱﾆｯｼﾓ	ﾋﾟｱﾆｯｼﾓ･ﾍﾞｳﾞｪﾙ･6
1264	ﾋﾟｰｽ	ﾋﾟｰｽ･ﾗｲﾄ･ﾎﾞｯｸｽ
1267	ﾎｰﾌﾟ	ﾎｰﾌﾟ･ﾗｲﾄ
1278	ｳｨﾝｽﾄﾝ	ｳｨﾝｽﾄﾝ･ｷｬｽﾀｰ･ﾎﾜｲﾄ･5･ﾎﾞｯｸｽ
1286	ﾒﾋﾞｳｽ	ﾒﾋﾞｳｽ･ﾎﾞｯｸｽ
1296	ﾒﾋﾞｳｽ	ﾒﾋﾞｳｽ･ｽｰﾊﾟｰﾗｲﾄ･ﾎﾞｯｸｽ
1299	ﾒﾋﾞｳｽ	ﾒﾋﾞｳｽ･ﾗｲﾄ･ﾎﾞｯｸｽ
1300	ﾒﾋﾞｳｽ	ﾒﾋﾞｳｽ･ﾐｯｸｽ･ｸﾞﾘｰﾝ･ｸｰﾗｰ･ﾌｫｰ･ﾌﾟﾙｰﾑ･ﾃｯｸ
1310	ﾒﾋﾞｳｽ	ﾒﾋﾞｳｽ･ｴｸｽﾄﾗﾗｲﾄ･ﾎﾞｯｸｽ
1312	ｾﾌﾞﾝｽﾀｰ	ｾﾌﾞﾝｽﾀｰ･ﾎﾞｯｸｽ
1315	ｳｨﾝｽﾄﾝ	ｳｨﾝｽﾄﾝ･ｷｬｽﾀｰ･ﾎﾜｲﾄ･3･ﾎﾞｯｸｽ
1324	ｳｨﾝｽﾄﾝ	ｳｨﾝｽﾄﾝ･ｷｬﾋﾞﾝ･ﾚｯﾄﾞ･2･ﾎﾞｯｸｽ
1329	ﾒﾋﾞｳｽ	ﾒﾋﾞｳｽ･ｴｸｽﾄﾗﾗｲﾄ･100'S･ﾎﾞｯｸｽ
1333	ﾋﾟｰｽ	ﾋﾟｰｽ･ｽｰﾊﾟｰﾗｲﾄ･ﾎﾞｯｸｽ
1334	ｳｨﾝｽﾄﾝ	ｳｨﾝｽﾄﾝ･ｷｬｽﾀｰ･ﾎﾜｲﾄ･ﾜﾝ･100'S･ﾎﾞｯｸｽ
1343	ﾒﾋﾞｳｽ	ﾒﾋﾞｳｽ･ﾜﾝ･100'S･ﾎﾞｯｸｽ
1355	ﾒﾋﾞｳｽ	ﾒﾋﾞｳｽ･ｴｸｽﾄﾗﾗｲﾄ
1356	ﾒﾋﾞｳｽ	ﾒﾋﾞｳｽ･ﾜﾝ･ﾎﾞｯｸｽ
1372	ﾒﾋﾞｳｽ	ﾒﾋﾞｳｽ･ﾜﾝ
1374	ｳｨﾝｽﾄﾝ	ｳｨﾝｽﾄﾝ･ｷｬｽﾀｰ･ﾎﾜｲﾄ･3
1379	ﾋﾟｱﾆｯｼﾓ	ﾋﾟｱﾆｯｼﾓ･ｱｲｼｰﾝ･ｸﾞﾗｼｱ･ﾒﾝｿｰﾙ
1381	ﾒﾋﾞｳｽ	ﾒﾋﾞｳｽ･100'S･ﾎﾞｯｸｽ
1384	ﾒﾋﾞｳｽ	ﾒﾋﾞｳｽ･ﾌﾟﾚﾐｱﾑﾒﾝｿｰﾙ･ﾌﾛｰｽﾞﾝ･ﾜﾝ
1385	ﾋﾟｱﾆｯｼﾓ	ﾋﾟｱﾆｯｼﾓ･ﾙｰｼｱ･ﾒﾝｿｰﾙ
1388	ﾋﾟｱﾆｯｼﾓ	ﾋﾟｱﾆｯｼﾓ･ｱｲｼｰﾝ･ｸﾘｽﾀ･ﾒﾝｿｰﾙ
1389	ｳｨﾝｽﾄﾝ	ｳｨﾝｽﾄﾝ･ｷｬﾋﾞﾝ･ﾚｯﾄﾞ･8･100'S･ﾎﾞｯｸｽ
1391	ﾎｰﾌﾟ	ﾎｰﾌﾟ・ﾒﾝｿｰﾙ
1392	ﾊｲﾗｲﾄ	ﾊｲﾗｲﾄ・ﾒﾝｿｰﾙ
1410	ﾋﾟｰｽ	ﾋﾟｰｽ･ｲﾝﾌｨﾆﾃｨ
1415	ﾎｰﾌﾟ	ﾎｰﾌﾟ・ｽｰﾊﾟｰﾗｲﾄ
1422	ｾﾌﾞﾝｽﾀｰ	ｾﾌﾞﾝｽﾀｰ･7･ﾎﾞｯｸｽ
1424	ﾒﾋﾞｳｽ	ﾒﾋﾞｳｽ･ﾗｲﾄ･100'S･ﾎﾞｯｸｽ
1426	ﾒﾋﾞｳｽ	ﾒﾋﾞｳｽ･ｺﾞｰﾙﾄﾞ･6
1431	ﾒﾋﾞｳｽ	ﾒﾋﾞｳｽ･ﾌﾟﾚﾐｱﾑﾒﾝｿｰﾙ･ﾌﾛｰｽﾞﾝ･ﾜﾝ･100'S
1435	ﾋﾟｱﾆｯｼﾓ	ﾋﾟｱﾆｯｼﾓ･ﾌﾗﾝ･ﾒﾝｿｰﾙ
1446	ﾋﾟｱﾆｯｼﾓ	ﾋﾟｱﾆｯｼﾓ･ﾍﾟﾃｨﾙ･ﾒﾝｿｰﾙ
1462	ﾒﾋﾞｳｽ	ﾒﾋﾞｳｽ･ｽｰﾊﾟｰﾗｲﾄ･100'S･ﾎﾞｯｸｽ
1467	ﾒﾋﾞｳｽ	ﾒﾋﾞｳｽ･ｺﾞｰﾙﾄﾞ･ｲﾝﾊﾟｸﾄ･ﾜﾝ･100'S
1469	ｳｨﾝｽﾄﾝ	ｳｨﾝｽﾄﾝ･ｷｬﾋﾞﾝ･ﾚｯﾄﾞ･ﾜﾝ･100'S･ﾎﾞｯｸｽ
1470	ｳｨﾝｽﾄﾝ	ｳｨﾝｽﾄﾝ･ﾌｨﾙﾀｰ
1482	ｾｰﾗﾑ	ｾｰﾗﾑ･ﾗｲﾄ･ﾎﾞｯｸｽ
1487	ﾋﾟｱﾆｯｼﾓ	ﾋﾟｱﾆｯｼﾓ･ｱﾘｱ･ﾒﾝｿｰﾙ
1602	ﾒﾋﾞｳｽ	ﾒﾋﾞｳｽ･ｺﾞｰﾙﾄﾞ･ﾜﾝ･100'S
1613	ﾋﾟｱﾆｯｼﾓ	ﾋﾟｱﾆｯｼﾓ･ﾌﾟﾚｼｱ･ﾒﾝｿｰﾙ
1618	ﾋﾟｰｽ	ﾋﾟｰｽ･ｱﾛﾏﾛｲﾔﾙ･100'S･ﾎﾞｯｸｽ
1619	ﾋﾟｰｽ	ﾋﾟｰｽ･ｱﾛﾏｸﾗｳﾝ･100'S･ﾎﾞｯｸｽ
1624	ｾﾌﾞﾝｽﾀｰ	ｾﾌﾞﾝｽﾀｰ･ﾒﾝｿｰﾙ･12･ﾎﾞｯｸｽ
1625	ｾﾌﾞﾝｽﾀｰ	ｾﾌﾞﾝｽﾀｰ･ﾒﾝｿｰﾙ･8･ﾎﾞｯｸｽ
1626	ｾﾌﾞﾝｽﾀｰ	ｾﾌﾞﾝｽﾀｰ･ﾒﾝｿｰﾙ･5･ﾎﾞｯｸｽ
1627	ｳｨﾝｽﾄﾝ	ｳｨﾝｽﾄﾝ･ｲﾅｽﾞﾏﾒﾝｿｰﾙ･8･ﾎﾞｯｸｽ
1631	ﾒﾋﾞｳｽ	ﾒﾋﾞｳｽ･ｺﾞｰﾙﾄﾞ･ｲﾝﾊﾟｸﾄ･6･100'S･ｽﾘﾑ
1632	ﾒﾋﾞｳｽ	ﾒﾋﾞｳｽ･ｺﾞｰﾙﾄﾞ･ｲﾝﾊﾟｸﾄ･ﾜﾝ･100'S･ｽﾘﾑ
1636	ﾒﾋﾞｳｽ	ﾒﾋﾞｳｽ･ﾌﾟﾚﾐｱﾑﾒﾝｿｰﾙ･ﾌﾛｰｽﾞﾝ･5
1647	ﾋﾟｱﾆｯｼﾓ	ﾋﾟｱﾆｯｼﾓ･ﾌﾟﾚｼｱ･ﾃﾞｨｱｽ･ﾒﾝｿｰﾙ
1661	ﾒﾋﾞｳｽ	ﾒﾋﾞｳｽ･ﾌﾟﾚﾐｱﾑﾒﾝｿｰﾙ･ﾌﾛｰｽﾞﾝ･8
1688	ﾒﾋﾞｳｽ	ﾒﾋﾞｳｽ･ﾌﾟﾚﾐｱﾑﾒﾝｿｰﾙ･ｵﾌﾟｼｮﾝ･ﾊﾟｰﾌﾟﾙ･5
1691	ｳｨﾝｽﾄﾝ	ｳｨﾝｽﾄﾝ･ｲﾅｽﾞﾏﾒﾝｿｰﾙ･5･ﾎﾞｯｸｽ
1692	ﾒﾋﾞｳｽ	ﾒﾋﾞｳｽ･ﾌﾟﾚﾐｱﾑﾒﾝｿｰﾙ･ｵﾌﾟｼｮﾝ･ﾊﾟｰﾌﾟﾙ･ﾜﾝ･100'S
1693	ﾒﾋﾞｳｽ	ﾒﾋﾞｳｽ･ﾌﾟﾚﾐｱﾑﾒﾝｿｰﾙ･ｵﾌﾟｼｮﾝ･ﾊﾟｰﾌﾟﾙ･8
1705	ﾒﾋﾞｳｽ	ﾒﾋﾞｳｽ･ﾌﾟﾚﾐｱﾑﾒﾝｿｰﾙ･ｵﾌﾟｼｮﾝ･ｲｴﾛｰ･ﾜﾝ･100'S
1706	ﾒﾋﾞｳｽ	ﾒﾋﾞｳｽ･ﾌﾟﾚﾐｱﾑﾒﾝｿｰﾙ･ｵﾌﾟｼｮﾝ･ｲｴﾛｰ･5
1707	ﾒﾋﾞｳｽ	ﾒﾋﾞｳｽ･ﾌﾟﾚﾐｱﾑﾒﾝｿｰﾙ･ｵﾌﾟｼｮﾝ･ｲｴﾛｰ･8
1732	ｾﾌﾞﾝｽﾀｰ	ｾﾌﾞﾝｽﾀｰ･4
1755	ﾋﾟｱﾆｯｼﾓ	ﾋﾟｱﾆｯｼﾓ･ｽﾄﾛﾍﾞﾘｰ･ﾏﾝｺﾞｰ･ﾋﾟﾝｸ･ｸｰﾗｰ･ﾌﾟﾙｰﾑ
1756	ﾋﾟｱﾆｯｼﾓ	ﾋﾟｱﾆｯｼﾓ･ﾚﾓﾝﾃｨｰ･ｺﾞｰﾙﾄﾞ･ｱﾛﾏ･ﾌﾟﾙｰﾑ
1791	ﾒﾋﾞｳｽ	ﾒﾋﾞｳｽ･ｺﾞｰﾙﾄﾞ･6･100'S
1792	ﾒﾋﾞｳｽ	ﾒﾋﾞｳｽ･ｺﾞｰﾙﾄﾞ･3･100'S
1830	ｳｨﾝｽﾄﾝ	ｳｨﾝｽﾄﾝ･ｽﾊﾟｰｸﾘﾝｸﾞ･ﾒﾝｿｰﾙ･8･ﾎﾞｯｸｽ
1831	ｳｨﾝｽﾄﾝ	ｳｨﾝｽﾄﾝ･ｽﾊﾟｰｸﾘﾝｸﾞ･ﾒﾝｿｰﾙ･5･ﾎﾞｯｸｽ
1832	ｳｨﾝｽﾄﾝ	ｳｨﾝｽﾄﾝ･ｽﾊﾟｰｸﾘﾝｸﾞ･ﾒﾝｿｰﾙ･ﾜﾝ･100'S･ﾎﾞｯｸｽ
1833	ﾒﾋﾞｳｽ	ﾒﾋﾞｳｽ･ﾚｷﾞｭﾗｰ･ﾌｫｰ･ﾌﾟﾙｰﾑ･ﾃｯｸ
1834	ﾒﾋﾞｳｽ	ﾒﾋﾞｳｽ･ﾒﾝｿｰﾙ･ﾌｫｰ･ﾌﾟﾙｰﾑ･ﾃｯｸ
1835	ﾒﾋﾞｳｽ	ﾒﾋﾞｳｽ･ﾊﾟｰﾌﾟﾙ･ｸｰﾗｰ･ﾌｫｰ･ﾌﾟﾙｰﾑ･ﾃｯｸ
1883	ﾒﾋﾞｳｽ	ﾒﾋﾞｳｽ･ﾌﾞﾗｳﾝ･ｱﾛﾏ･ﾌｫｰ･ﾌﾟﾙｰﾑ･ﾃｯｸ
1888	ﾒﾋﾞｳｽ	ﾒﾋﾞｳｽ･ﾌﾟﾚﾐｱﾑﾒﾝｿｰﾙ･ｵﾌﾟｼｮﾝ･ﾚｯﾄﾞ･8
1889	ﾒﾋﾞｳｽ	ﾒﾋﾞｳｽ･ﾌﾟﾚﾐｱﾑﾒﾝｿｰﾙ･ｵﾌﾟｼｮﾝ･ﾚｯﾄﾞ･5
1890	ﾒﾋﾞｳｽ	ﾒﾋﾞｳｽ･ﾌﾟﾚﾐｱﾑﾒﾝｿｰﾙ･ｵﾌﾟｼｮﾝ･ﾚｯﾄﾞ･ﾜﾝ･100'S
1891	ｳｨﾝｽﾄﾝ	ｳｨﾝｽﾄﾝ･ｲﾅｽﾞﾏﾒﾝｿｰﾙ･ﾜﾝ･100'S
1892	ｳｨﾝｽﾄﾝ	ｳｨﾝｽﾄﾝ･ｺﾝﾊﾟｸﾄ･ﾌﾞﾙｰ･6･ﾎﾞｯｸｽ
1893	ｳｨﾝｽﾄﾝ	ｳｨﾝｽﾄﾝ･ｺﾝﾊﾟｸﾄ･ﾌﾞﾙｰ･3･ﾎﾞｯｸｽ
1894	ｳｨﾝｽﾄﾝ	ｳｨﾝｽﾄﾝ･ｺﾝﾊﾟｸﾄ･ﾌﾞﾙｰ･1･ﾎﾞｯｸｽ
1914	ﾒﾋﾞｳｽ	ﾒﾋﾞｳｽ･ﾌﾟﾚﾐｱﾑﾒﾝｿｰﾙ･ｵﾌﾟｼｮﾝ･ﾊﾟｰﾌﾟﾙ･ﾜﾝ･100'S･ｽﾘﾑ
1915	ﾒﾋﾞｳｽ	ﾒﾋﾞｳｽ･ﾌﾟﾚﾐｱﾑﾒﾝｿｰﾙ･ｵﾌﾟｼｮﾝ･ﾊﾟｰﾌﾟﾙ･5･100'S･ｽﾘﾑ
1922	ﾅﾁｭﾗﾙ ｱﾒﾘｶﾝ ｽﾋﾟﾘｯﾄ	ﾅﾁｭﾗﾙ･ｱﾒﾘｶﾝ･ｽﾋﾟﾘｯﾄ･ｵｰｶﾞﾆｯｸ ﾘｰﾌ･ONE
1938	ﾅﾁｭﾗﾙ ｱﾒﾘｶﾝ ｽﾋﾟﾘｯﾄ	ﾅﾁｭﾗﾙ ｱﾒﾘｶﾝ ｽﾋﾟﾘｯﾄ ｵｰｶﾞﾆｯｸ ﾘｰﾌ ﾀｰｺｲｽﾞ
1939	ﾅﾁｭﾗﾙ ｱﾒﾘｶﾝ ｽﾋﾟﾘｯﾄ	ﾅﾁｭﾗﾙ･ｱﾒﾘｶﾝ･ｽﾋﾟﾘｯﾄ･ｵｰｶﾞﾆｯｸ･ﾐﾝﾄ･ﾗｲﾄ
1940	ﾅﾁｭﾗﾙ ｱﾒﾘｶﾝ ｽﾋﾟﾘｯﾄ	ﾅﾁｭﾗﾙ･ｱﾒﾘｶﾝ･ｽﾋﾟﾘｯﾄ･ﾗｲﾄ
1941	ﾅﾁｭﾗﾙ ｱﾒﾘｶﾝ ｽﾋﾟﾘｯﾄ	ﾅﾁｭﾗﾙ･ｱﾒﾘｶﾝ･ｽﾋﾟﾘｯﾄ･ｳﾙﾄﾗﾗｲﾄ
1942	ﾅﾁｭﾗﾙ ｱﾒﾘｶﾝ ｽﾋﾟﾘｯﾄ	ﾅﾁｭﾗﾙ･ｱﾒﾘｶﾝ･ｽﾋﾟﾘｯﾄ･ｵｰｶﾞﾆｯｸ･ﾐﾝﾄ･ｳﾙﾄﾗﾗｲﾄ
1943	ﾅﾁｭﾗﾙ ｱﾒﾘｶﾝ ｽﾋﾟﾘｯﾄ	ﾅﾁｭﾗﾙ･ｱﾒﾘｶﾝ･ｽﾋﾟﾘｯﾄ･ﾍﾟﾘｯｸ
1944	ﾅﾁｭﾗﾙ ｱﾒﾘｶﾝ ｽﾋﾟﾘｯﾄ	ﾅﾁｭﾗﾙ･ｱﾒﾘｶﾝ･ｽﾋﾟﾘｯﾄ･ｵｰｶﾞﾆｯｸ･ﾐﾝﾄ･ﾜﾝ
1945	ﾅﾁｭﾗﾙ ｱﾒﾘｶﾝ ｽﾋﾟﾘｯﾄ	ﾅﾁｭﾗﾙ ｱﾒﾘｶﾝ ｽﾋﾟﾘｯﾄ ｵｰｶﾞﾆｯｸ ﾘｰﾌ ｺﾞｰﾙﾄﾞ
1959	ｳｨﾝｽﾄﾝ	ｳｨﾝｽﾄﾝ･ﾐﾆ･ﾋﾞﾀｰ･ﾚｯﾄﾞ･12
1960	ｳｨﾝｽﾄﾝ	ｳｨﾝｽﾄﾝ･ﾐﾆ･ｽﾄﾚｰﾄ･ﾌﾞﾙｰ･8
1961	ｳｨﾝｽﾄﾝ	ｳｨﾝｽﾄﾝ･ﾐﾆ･ｽｳｨｰﾄ･ﾎﾜｲﾄ･ﾜﾝ
1968	ｳｨﾝｽﾄﾝ	ｳｨﾝｽﾄﾝ･ｺﾝﾊﾟｸﾄ･ﾌﾞﾙｰ･ﾜﾝ･ﾎﾞｯｸｽ
1969	ｳｨﾝｽﾄﾝ	ｳｨﾝｽﾄﾝ･ｺﾝﾊﾟｸﾄ･ﾌﾞﾙｰ･6･ﾎﾞｯｸｽ
1972	ｳｨﾝｽﾄﾝ	ｳｨﾝｽﾄﾝ･ｺﾝﾊﾟｸﾄ･ﾌﾞﾙｰ･3･ﾎﾞｯｸｽ
1980	ﾒﾋﾞｳｽ	ﾒﾋﾞｳｽ･ﾚｯﾄﾞ･ｸｰﾗｰ･ﾌｫｰ･ﾌﾟﾙｰﾑ･ﾃｯｸ
1990	ｷｬﾒﾙ	ｷｬﾒﾙ･ﾗｲﾄ･ﾎﾞｯｸｽ
1991	ｷｬﾒﾙ	ｷｬﾒﾙ･ﾒﾝｿｰﾙ･ﾗｲﾄ･ﾎﾞｯｸｽ
2088	ｹﾝﾄ	ｹﾝﾄ･ｴｽ･ｼﾘｰｽﾞ･ｽﾊﾟｰｸ･ﾐﾝﾄ･1･100･ﾎﾞｯｸｽ
2181	ｹﾝﾄ	ｹﾝﾄ ﾈｵｽﾃｨｯｸ ｲﾝﾃﾝｽﾘｰ ﾌﾚｯｼｭ
2182	ｹﾝﾄ	ｹﾝﾄ ﾈｵｽﾃｨｯｸ ﾌﾚｯｼｭ ﾐｯｸｽ
2183	ｹﾝﾄ	ｹﾝﾄ ﾈｵｽﾃｨｯｸ ﾌﾞﾗｲﾄ ﾀﾊﾞｺ
2190	ｹﾝﾄ	ｹﾝﾄ･ｴｽ･ｼﾘｰｽﾞ･ｽﾊﾟｰｸ･ﾐﾝﾄ･5･100･ﾎﾞｯｸｽ
2194	ﾏｰﾙﾎﾞﾛ	ﾏｰﾙﾎﾞﾛ ﾋｰﾄｽﾃｨｯｸ ﾊﾟｰﾌﾟﾙ ﾒﾝｿｰﾙ
2195	ﾏｰﾙﾎﾞﾛ	ﾏｰﾙﾎﾞﾛ ﾋｰﾄｽﾃｨｯｸ ｽﾑｰｽ ﾚｷﾞｭﾗｰ
2299	ﾊﾞｰｼﾞﾆｱ･ｽﾘﾑ	ﾊﾞｰｼﾞﾆｱ ｴｽ ｿﾌｨｱ 6
2332	ｹﾝﾄ	ｹﾝﾄ ﾈｵｽﾃｨｯｸ ｽﾑｰｽ ﾌﾚｯｼｭ
2333	ｹﾝﾄ	ｹﾝﾄ ﾈｵｽﾃｨｯｸ ﾘｯﾁ ﾀﾊﾞｺ
2334	ｹﾝﾄ	ｹﾝﾄ ﾈｵｽﾃｨｯｸ ｼﾄﾗｽ ﾌﾚｯｼｭ
2335	ｹﾝﾄ	ｹﾝﾄ ﾈｵｽﾃｨｯｸ ｽﾊﾟｰｸ ﾌﾚｯｼｭ
2336	ｹﾝﾄ	ｹﾝﾄ ﾈｵｽﾃｨｯｸ ﾀﾞｰｸ ﾌﾚｯｼｭ
2380	ﾗｯｷｰｽﾄﾗｲｸ	ﾗｯｷｰｽﾄﾗｲｸ FK
2411	ﾗｰｸ	ﾗｰｸ ﾏｲﾙﾄﾞ 100'S ﾎﾞｯｸｽ
2453	ﾊﾟｰﾗﾒﾝﾄ	ﾊﾟｰﾗﾒﾝﾄ 100 ﾎﾞｯｸｽ
2524	ﾗｰｸ	ﾗｰｸ ﾏｲﾙﾄﾞ ﾎﾞｯｸｽ
2525	ﾗｯｷｰｽﾄﾗｲｸ	ﾗｯｷｰｽﾄﾗｲｸ･ﾎﾞｯｸｽ
2530	ｹﾝﾄ	ｹﾝﾄ･9･KS･ﾎﾞｯｸｽ
2542	ﾗｰｸ	ﾗｰｸ ｽｰﾊﾟｰ 5 KS ﾎﾞｯｸｽ
2554	ﾊﾟｰﾗﾒﾝﾄ	ﾊﾟｰﾗﾒﾝﾄ ﾗｲﾄ 100 ﾎﾞｯｸｽ
2555	ｹﾝﾄ	ｹﾝﾄ ﾈｵｽﾃｨｯｸ ﾐﾝﾄ ﾌﾞｰｽﾄ
2556	ｹﾝﾄ	ｹﾝﾄ ﾈｵｽﾃｨｯｸ ﾍﾞﾘｰ ﾌﾞｰｽﾄ
2560	ﾊﾟｰﾗﾒﾝﾄ	ﾊﾟｰﾗﾒﾝﾄ KS ﾎﾞｯｸｽ
2563	ﾗｰｸ	ﾗｰｸ KS ﾎﾞｯｸｽ
2572	ﾏｰﾙﾎﾞﾛ	ﾏｰﾙﾎﾞﾛ ﾋｰﾄｽﾃｨｯｸ ｲｴﾛｰ ﾒﾝｿｰﾙ
2599	ｸﾞﾛｰ･ﾈｵ	ﾈｵ･ﾛｰｽﾄ･ﾌﾟﾗｽ･ｽﾃｨｯｸ
2602	ｸﾞﾛｰ･ﾈｵ	ﾈｵ･ﾀﾞｰｸ･ﾌﾟﾗｽ･ｽﾃｨｯｸ
2603	ｸﾞﾛｰ･ﾈｵ	ﾈｵ･ﾌﾚｯｼｭ･ﾌﾟﾗｽ･ｽﾃｨｯｸ
2606	ｸﾞﾛｰ･ﾈｵ	ﾈｵ･ﾀﾞｰｸﾌﾚｯｼｭ･ﾌﾟﾗｽ･ｽﾃｨｯｸ
2619	ｸｰﾙ	ｸｰﾙ･ﾎﾞｯｸｽ
2620	ﾗｰｸ	ﾗｰｸ 100 ﾎﾞｯｸｽ
2625	ﾗｰｸ	ﾗｰｸ ｽｰﾊﾟｰ 5 100 ﾎﾞｯｸｽ
2643	ﾊﾟｰﾗﾒﾝﾄ	ﾊﾟｰﾗﾒﾝﾄ ﾗｲﾄ KS ﾎﾞｯｸｽ
2665	ｹﾝﾄ	ｹﾝﾄ･6･KS･ﾎﾞｯｸｽ
2670	ｸﾞﾛｰ･ﾈｵ	ﾈｵ･ﾌﾞｰｽﾄ･ﾐﾝﾄ･ﾌﾟﾗｽ･ｽﾃｨｯｸ
2671	ｸﾞﾛｰ･ﾈｵ	ﾈｵ･ﾌﾞｰｽﾄ･ﾍﾞﾘ-･ﾌﾟﾗｽ･ｽﾃｨｯｸ
2699	ｹﾝﾄ	ｹﾝﾄ･6･100･ﾎﾞｯｸｽ
2705	ｹﾝﾄ	ｹﾝﾄ･1･KS･ﾎﾞｯｸｽ
2729	ｹﾝﾄ	ｹﾝﾄ･9･100･ﾎﾞｯｸｽ
2746	ｹﾝﾄ	ｹﾝﾄ･1･100･ﾎﾞｯｸｽ
2756	ｸｰﾙ	ｸｰﾙ･ﾏｲﾙﾄﾞ･ﾎﾞｯｸｽ
2761	ﾊﾟｰﾗﾒﾝﾄ	ﾊﾟｰﾗﾒﾝﾄ ﾗｲﾄ ﾒﾝｿｰﾙ 100 ﾎﾞｯｸｽ
2774	ﾊﾞｰｼﾞﾆｱ･ｽﾘﾑ	ﾊﾞｰｼﾞﾆｱ ｴｽ ｿﾌｨｱ 1
2803	ﾊﾟｰﾗﾒﾝﾄ	ﾊﾟｰﾗﾒﾝﾄ ｴｸｽﾄﾗ ﾗｲﾄ 100 ﾎﾞｯｸｽ
2865	ﾊﾟｰﾗﾒﾝﾄ	ﾊﾟｰﾗﾒﾝﾄ ﾜﾝ 100 ﾎﾞｯｸｽ
2888	ﾗ-ｸ	ﾗ-ｸ ｳﾙﾄﾗ 1 KS ﾎﾞｯｸｽ
2920	ﾏｰﾙﾎﾞﾛ	ﾏｰﾙﾎﾞﾛ KS
2921	ﾏｰﾙﾎﾞﾛ	ﾏｰﾙﾎﾞﾛ KS ﾎﾞｯｸｽ
2923	ﾏｰﾙﾎﾞﾛ	ﾏｰﾙﾎﾞﾛ ﾐﾃﾞｨｱﾑ KS ﾎﾞｯｸｽ
2925	ﾏｰﾙﾎﾞﾛ	ﾏｰﾙﾎﾞﾛ ﾒﾝｿｰﾙ 12 ﾎﾞｯｸｽ
2926	ﾏｰﾙﾎﾞﾛ	ﾏｰﾙﾎﾞﾛ ｺﾞｰﾙﾄﾞ
2927	ﾏｰﾙﾎﾞﾛ	ﾏｰﾙﾎﾞﾛ ｺﾞｰﾙﾄﾞ ﾎﾞｯｸｽ
2929	ﾏｰﾙﾎﾞﾛ	ﾏｰﾙﾎﾞﾛ ﾒﾝｿｰﾙ 8 ﾎﾞｯｸｽ
2930	ﾏｰﾙﾎﾞﾛ	ﾏｰﾙﾎﾞﾛ ﾒﾝｿｰﾙ 8 100'S ﾎﾞｯｸｽ
2944	ﾏｰﾙﾎﾞﾛ	ﾏｰﾙﾎﾞﾛ ﾒﾝｿｰﾙ 4 ﾎﾞｯｸｽ
2948	ｸｰﾙ	ｸｰﾙ･ﾗｲﾄ･ﾎﾞｯｸｽ
2986	ﾏｰﾙﾎﾞﾛ	ﾏｰﾙﾎﾞﾛ ｺﾞｰﾙﾄﾞ 100'S ﾎﾞｯｸｽ
3020	ﾗ-ｸ	ﾗ-ｸ ﾏｲﾙﾄﾞ ﾒﾝｿ-ﾙ KS ﾎﾞｯｸｽ
3031	ﾗｰｸ	ﾗｰｸ ｳﾙﾄﾗ 1 100 ﾎﾞｯｸｽ
3062	ﾗｯｷｰｽﾄﾗｲｸ	ﾗｯｷｰｽﾄﾗｲｸ ﾗｲﾄ ﾎﾞｯｸｽ
3065	ｹﾝﾄ	ｹﾝﾄ ｱｲ ﾌﾞｰｽﾄ 1 KS ﾎﾞｯｸｽ
3111	ﾗｰｸ	ﾗｰｸ ｳﾙﾄﾗ ﾒﾝｿｰﾙ KS ﾎﾞｯｸｽ
3112	ﾗｰｸ	ﾗｰｸ ｳﾙﾄﾗ ﾒﾝｿｰﾙ 100'S ﾎﾞｯｸｽ
3141	ﾊﾞｰｼﾞﾆｱ･ｽﾘﾑ	ﾊﾞｰｼﾞﾆｱ ｴｽ ﾛｾﾞ ﾒﾝｿｰﾙ
3147	ｹﾝﾄ	ｹﾝﾄ･ﾒﾝｿｰﾙ･1･100･ﾎﾞｯｸｽ
3181	ﾗｰｸ	ﾗｰｸ ｽｰﾊﾟｰ ﾒﾝｿｰﾙ KS ﾎﾞｯｸｽ
3183	ｹﾝﾄ	ｹﾝﾄ･3･KS･ﾎﾞｯｸｽ
3194	ﾗｰｸ	ﾗｰｸ ｽｰﾊﾟｰ ﾏｲﾙﾄﾞ KS ﾎﾞｯｸｽ
3195	ﾗｰｸ	ﾗｰｸ ｴｸｽﾄﾗ 3 KS ﾎﾞｯｸｽ
3218	ﾗｰｸ	ﾗｰｸ ｽｰﾊﾟｰ ﾏｲﾙﾄﾞ 100'S ﾎﾞｯｸｽ
3219	ﾗｰｸ	ﾗｰｸ ｴｸｽﾄﾗ 3 100 ﾎﾞｯｸｽ
3242	ｹﾝﾄ	ｹﾝﾄ･3･100･BOX
3273	ｸｰﾙ	ｸｰﾙ･ﾌﾞｰｽﾄ･ﾌﾚｯｼｭ･8･ﾎﾞｯｸｽ
3306	ｹﾝﾄ	ｹﾝﾄ･ｼﾄﾘｯｸ･ﾒﾝｿｰﾙ1･100･ﾎﾞｯｸｽ
3310	ﾗｰｸ	ﾗｰｸ ｸﾗｼｯｸ ﾏｲﾙﾄﾞ KS ﾎﾞｯｸｽ
3312	ｸｰﾙ	ｸｰﾙ･ﾌﾞｰｽﾄ･ﾌﾚｯｼｭ･5･ﾎﾞｯｸｽ
3318	ﾏｰﾙﾎﾞﾛ	ﾏｰﾙﾎﾞﾛ ﾌﾞﾗｯｸ ﾒﾝｿｰﾙ 8 ﾎﾞｯｸｽ
3324	ﾏｰﾙﾎﾞﾛ	ﾏｰﾙﾎﾞﾛ ﾌﾚｰﾊﾞｰ ﾜﾝ ﾎﾞｯｸｽ
4061	ｸｰﾙ	ｸｰﾙ ｴｰｽ ﾎﾞｯｸｽ
4081	ﾗｰｸ	ﾗｰｸ ﾐﾝﾄ ｽﾌﾟﾗｯｼｭ KS ﾎﾞｯｸｽ
4088	ﾏｰﾙﾎﾞﾛ	ﾏｰﾙﾎﾞﾛ ﾌﾞﾗｯｸ ﾒﾝｿｰﾙ 1 ﾎﾞｯｸｽ
4124	ｹﾝﾄ	ｹﾝﾄ ﾅﾉﾃｯｸ1･KSﾎﾞｯｸｽ
4133	ｸｰﾙ	ｸｰﾙ･ﾅﾉ･ﾌﾞﾘｻﾞｰﾄﾞ 8
4142	ﾗｰｸ	ﾗｰｸ ﾊｲﾌﾞﾘｯﾄﾞ KS ﾎﾞｯｸｽ
4143	ｹﾝﾄ	ｹﾝﾄ･ﾅﾉﾃｯｸ･ﾒﾝｿｰﾙ1･KSﾎﾞｯｸｽ
4145	ﾏｰﾙﾎﾞﾛ	ﾏｰﾙﾎﾞﾛ ｱｲｽ ﾌﾞﾗｽﾄ ﾒｶﾞ 8 ﾎﾞｯｸｽ
4180	ｹﾝﾄ	ｹﾝﾄ ｱｲ ﾌﾞｰｽﾄ 1 100 ﾎﾞｯｸｽ
4217	ﾗｰｸ	ﾗｰｸ ﾊｲﾌﾞﾘｯﾄﾞ ﾜﾝ 100 ﾎﾞｯｸｽ
4218	ﾊﾞｰｼﾞﾆｱ･ｽﾘﾑ	ﾊﾞｰｼﾞﾆｱ ｴｽ ﾃﾞｭｵ ﾒﾝｿｰﾙ 10'S
4238	ｹﾝﾄ	ｹﾝﾄ ｱｲ ｽｲｯﾁ 1 100 ﾎﾞｯｸｽ
4280	ﾏｰﾙﾎﾞﾛ	ﾏｰﾙﾎﾞﾛ ｱｲｽ ﾌﾞﾗｽﾄ ﾒｶﾞ 1 ﾎﾞｯｸｽ
4281	ﾏｰﾙﾎﾞﾛ	ﾏｰﾙﾎﾞﾛ ｱｲｽ ﾌﾞﾗｽﾄ ﾒｶﾞ 5 ﾎﾞｯｸｽ
4327	ﾗｰｸ	ﾗｰｸ ｱｲｽ ﾐﾝﾄ 1 100 ﾎﾞｯｸｽ
4328	ﾗｰｸ	ﾗｰｸ ｱｲｽ ﾐﾝﾄ 5 100 ﾎﾞｯｸｽ
4375	ｹﾝﾄ	ｹﾝﾄ･ｴｽ･ｼﾘｰｽﾞ･1･100･ﾎﾞｯｸｽ
4376	ｹﾝﾄ	ｹﾝﾄ･ｴｽ･ｼﾘｰｽﾞ･ﾒﾝｿｰﾙ･1･100･ﾎﾞｯｸｽ
4460	ﾏｰﾙﾎﾞﾛ	ﾏｰﾙﾎﾞﾛ ｸﾘｱ ﾊｲﾌﾞﾘｯﾄﾞ ｽﾘｰ ﾎﾞｯｸｽ
4483	ﾏｰﾙﾎﾞﾛ	ﾏｰﾙﾎﾞﾛ ﾋｰﾄｽﾃｨｯｸ
4484	ﾏｰﾙﾎﾞﾛ	ﾏｰﾙﾎﾞﾛ ﾋｰﾄｽﾃｨｯｸ ﾒﾝｿｰﾙ
4533	ｹﾝﾄ	ｹﾝﾄ･ｴｽ･ｼﾘｰｽﾞ･ｽﾊﾟｰｸ･1･100･ﾎﾞｯｸｽ
4534	ｹﾝﾄ	ｹﾝﾄ･ｴｽ･ｼﾘｰｽﾞ･ｽﾊﾟｰｸ･5･100･ﾎﾞｯｸｽ
4536	ﾏｰﾙﾎﾞﾛ	ﾏｰﾙﾎﾞﾛ ﾋｰﾄｽﾃｨｯｸ ﾊﾞﾗﾝｽﾄﾞ
4537	ﾏｰﾙﾎﾞﾛ	ﾏｰﾙﾎﾞﾛ ﾋｰﾄｽﾃｨｯｸ ﾐﾝﾄ
